acid,sugar,den,total,alcohol,acid_,sugar_,den_,total_,alcohol_
0.8482,0.433,2.8774,1.3652,1.9301,3.8169,2.165,3.87,5,2.1505
0.796,0.1601,2.8615,0.7211,2.4405,3.582,0.8005,3.075,2.641004981,4.7025
0.8159,0.6175,2.8806,0.9709,1.9268,3.67155,3.0875,4.03,3.555889247,2.134
0.8123,0.1569,2.8694,0.8959,2.0567,3.65535,0.7845,3.47,3.281204219,2.7835
1.0082,0.1118,2.8769,0.2651,2.0996,4.5369,0.559,3.845,0.970920012,2.998
